Q2-2022,Q3-2022,Q4-2022,Q1-2023,Q2-2023
Net income attributable to common stockholders (GAAP),2,259,3,292,3,687,2,513,2,703
Stock-based compensation expense,361,362,419,418,445
Net income attributable to common stockholders (non-GAAP),2,620,3,654,4,106,2,931,3,148
Less: Buy-out of noncontrolling interest,3,-,(35),(5),-
Less: Dilutive convertible debt,0,0,0,0,0
Net income used in computing diluted EPS attributable to common stockholders (non-GAAP),2,617,3,654,4,141,2,936,3,148
EPS attributable to common stockholders, diluted (GAAP),0.65,0.95,1.07,0.73,0.78
Stock-based compensation expense per share,0.11,0.10,0.12,0.12,0.13
EPS attributable to common stockholders, diluted (non-GAAP),0.76,1.05,1.19,0.85,0.91
Shares used in EPS calculation, diluted (GAAP and non-GAAP),3,464,3,468,3,471,3,468,3,478
Net income attributable to common stockholders (GAAP),2,259,3,292,3,687,2,513,2,703
Interest expense,44,53,33,29,28
Provision for income taxes,205,305,276,261,323
Depreciation, amortization and impairment,922,956,989,1,046,1,154
Stock-based compensation expense,361,362,419,418,445
Adjusted EBITDA (non-GAAP),3,791,4,968,5,404,4,267,4,653
Total revenues,16,934,21,454,24,318,23,329,24,927
Adjusted EBITDA margin (non-GAAP),22.4%,23.2%,22.2%,18.3%,18.7%